[{"model": "contenttypes.contenttype", "pk": 1, "fields": {"app_label": "admin", "model": "logentry"}}, {"model": "contenttypes.contenttype", "pk": 2, "fields": {"app_label": "auth", "model": "permission"}}, {"model": "contenttypes.contenttype", "pk": 3, "fields": {"app_label": "auth", "model": "group"}}, {"model": "contenttypes.contenttype", "pk": 4, "fields": {"app_label": "contenttypes", "model": "contenttype"}}, {"model": "contenttypes.contenttype", "pk": 5, "fields": {"app_label": "sessions", "model": "session"}}, {"model": "contenttypes.contenttype", "pk": 6, "fields": {"app_label": "companies", "model": "transportercompany"}}, {"model": "contenttypes.contenttype", "pk": 7, "fields": {"app_label": "companies", "model": "personofcontact"}}, {"model": "contenttypes.contenttype", "pk": 8, "fields": {"app_label": "companies", "model": "cargoownercompany"}}, {"model": "contenttypes.contenttype", "pk": 9, "fields": {"app_label": "authentication", "model": "role"}}, {"model": "contenttypes.contenttype", "pk": 10, "fields": {"app_label": "authentication", "model": "user"}}, {"model": "contenttypes.contenttype", "pk": 11, "fields": {"app_label": "depots", "model": "depot"}}, {"model": "contenttypes.contenttype", "pk": 12, "fields": {"app_label": "orders", "model": "order"}}, {"model": "contenttypes.contenttype", "pk": 13, "fields": {"app_label": "orders", "model": "cargoownerinvoice"}}, {"model": "contenttypes.contenttype", "pk": 14, "fields": {"app_label": "trips", "model": "trip"}}, {"model": "contenttypes.contenttype", "pk": 15, "fields": {"app_label": "trips", "model": "tripinvoice"}}, {"model": "contenttypes.contenttype", "pk": 16, "fields": {"app_label": "trips", "model": "rating"}}, {"model": "contenttypes.contenttype", "pk": 17, "fields": {"app_label": "cargo_types", "model": "cargotype"}}, {"model": "contenttypes.contenttype", "pk": 18, "fields": {"app_label": "cargo_types", "model": "commodity"}}, {"model": "contenttypes.contenttype", "pk": 19, "fields": {"app_label": "rates", "model": "rate"}}, {"model": "contenttypes.contenttype", "pk": 20, "fields": {"app_label": "assets", "model": "truck"}}, {"model": "contenttypes.contenttype", "pk": 21, "fields": {"app_label": "assets", "model": "trailer"}}, {"model": "contenttypes.contenttype", "pk": 22, "fields": {"app_label": "transporter", "model": "driver"}}, {"model": "contenttypes.contenttype", "pk": 23, "fields": {"app_label": "token_blacklist", "model": "blacklistedtoken"}}, {"model": "contenttypes.contenttype", "pk": 24, "fields": {"app_label": "token_blacklist", "model": "outstandingtoken"}}, {"model": "sessions.session", "pk": "6jt77fkjjgs3qljvmp0icg7fkz4h3yhx", "fields": {"session_data": "NGUxNzM0ZTM0ZmExYmIzYjE4ZDExOTVjYjAwMjkwNTgzNGQ4MjFjZTp7Il9hdXRoX3VzZXJfaWQiOiIxIiwiX2F1dGhfdXNlcl9iYWNrZW5kIjoiZGphbmdvLmNvbnRyaWIuYXV0aC5iYWNrZW5kcy5Nb2RlbEJhY2tlbmQiLCJfYXV0aF91c2VyX2hhc2giOiJmNDBmNzA2YWMwNzVjNzQwZTdiYzA0ODllOTllZWVlZjU4NDNkMjVlIn0=", "expire_date": "2020-02-05T14:31:07.699Z"}}, {"model": "sessions.session", "pk": "ntky1zs8hwmfp6vtnbaq69tm3pufsmzj", "fields": {"session_data": "NGUxNzM0ZTM0ZmExYmIzYjE4ZDExOTVjYjAwMjkwNTgzNGQ4MjFjZTp7Il9hdXRoX3VzZXJfaWQiOiIxIiwiX2F1dGhfdXNlcl9iYWNrZW5kIjoiZGphbmdvLmNvbnRyaWIuYXV0aC5iYWNrZW5kcy5Nb2RlbEJhY2tlbmQiLCJfYXV0aF91c2VyX2hhc2giOiJmNDBmNzA2YWMwNzVjNzQwZTdiYzA0ODllOTllZWVlZjU4NDNkMjVlIn0=", "expire_date": "2020-02-10T08:05:52.389Z"}}, {"model": "companies.personofcontact", "pk": 1, "fields": {"created_at": "2020-01-23T14:43:05.205Z", "updated_at": "2020-01-23T14:43:05.205Z", "is_deleted": false, "company": 1, "name": "Joshua Kariuki", "email": "Kariuki@example.com", "phone": "+254712365989"}}, {"model": "companies.personofcontact", "pk": 2, "fields": {"created_at": "2020-01-25T18:19:29.787Z", "updated_at": "2020-01-25T18:19:29.787Z", "is_deleted": false, "company": 1, "name": "Ken Mbugua", "email": "Mbugua@example.com", "phone": "+254785314"}}, {"model": "companies.personofcontact", "pk": 3, "fields": {"created_at": "2020-01-25T18:29:42.583Z", "updated_at": "2020-01-25T18:31:42.146Z", "is_deleted": false, "company": 1, "name": "Kimani Mbugua", "email": "kimanimbugua@example.com", "phone": "+254712301233"}}, {"model": "companies.personofcontact", "pk": 4, "fields": {"created_at": "2020-01-25T18:33:31.916Z", "updated_at": "2020-01-27T09:07:43.796Z", "is_deleted": false, "company": 2, "name": "Kimani Mbugua", "email": "kimanimbugua@gmail.com", "phone": "+2547853146"}}, {"model": "authentication.role", "pk": 1, "fields": {"created_at": "2020-01-22T12:27:50.575Z", "updated_at": "2020-01-22T12:27:50.575Z", "is_deleted": false, "title": "superuser"}}, {"model": "authentication.role", "pk": 2, "fields": {"created_at": "2020-01-23T13:48:01.024Z", "updated_at": "2020-01-23T13:48:01.024Z", "is_deleted": false, "title": "cargo-owner"}}, {"model": "authentication.role", "pk": 3, "fields": {"created_at": "2020-01-24T20:10:57.149Z", "updated_at": "2020-01-24T20:10:57.149Z", "is_deleted": false, "title": "transporter"}}, {"model": "authentication.role", "pk": 4, "fields": {"created_at": "2020-01-27T09:40:05.330Z", "updated_at": "2020-01-27T09:40:05.330Z", "is_deleted": false, "title": "driver"}}, {"model": "cargo_types.cargotype", "pk": 1, "fields": {"created_at": "2020-01-27T08:11:30.381Z", "updated_at": "2020-01-27T08:11:30.381Z", "is_deleted": false, "cargo_type": "FMCG", "description": "Fast-moving consumer goods (FMCG) are products that are sold quickly and at a relatively low cost. Examples include non-durable household goods such as packaged foods, beverages, toiletries, over-the-"}}, {"model": "cargo_types.cargotype", "pk": 2, "fields": {"created_at": "2020-01-27T08:12:13.405Z", "updated_at": "2020-01-27T08:12:13.405Z", "is_deleted": false, "cargo_type": "Container", "description": "large standardized shipping container, designed and built for intermodal freight transport, meaning these containers can be used across different modes of transport \u2013 from ship to rail to truck \u2013 with"}}, {"model": "cargo_types.cargotype", "pk": 3, "fields": {"created_at": "2020-01-27T08:13:26.318Z", "updated_at": "2020-01-27T08:13:26.318Z", "is_deleted": false, "cargo_type": "Bagged and Bulk", "description": "Bagged and bulk commodities"}}, {"model": "cargo_types.commodity", "pk": 1, "fields": {"created_at": "2020-01-27T08:14:39.755Z", "updated_at": "2020-01-27T08:14:39.755Z", "is_deleted": false, "name": "Vegetables and Fruits", "cargo_type": 1, "description": "Fast moving consumer goods (fruits)", "created_by": 1}}, {"model": "rates.rate", "pk": 2, "fields": {"created_at": "2020-01-22T20:05:15.731Z", "updated_at": "2020-01-25T11:55:31.891Z", "is_deleted": false, "price_per_kg": "74.0000", "price_per_km": "69.0000", "price_per_truck": "85.0000", "preferred_currency": "USD", "created_by": 1}}, {"model": "rates.rate", "pk": 3, "fields": {"created_at": "2020-01-23T05:20:46.766Z", "updated_at": "2020-01-23T05:20:46.766Z", "is_deleted": false, "price_per_kg": "0.0000", "price_per_km": "0.0000", "price_per_truck": "0.0000", "preferred_currency": "KES", "created_by": 1}}, {"model": "rates.rate", "pk": 4, "fields": {"created_at": "2020-01-23T05:22:53.488Z", "updated_at": "2020-01-23T05:22:53.488Z", "is_deleted": false, "price_per_kg": "0.0000", "price_per_km": "0.0000", "price_per_truck": "0.0000", "preferred_currency": "KES", "created_by": 1}}, {"model": "rates.rate", "pk": 5, "fields": {"created_at": "2020-01-23T06:18:18.763Z", "updated_at": "2020-01-23T06:18:18.763Z", "is_deleted": false, "price_per_kg": "0.0000", "price_per_km": "0.0000", "price_per_truck": "45.0000", "preferred_currency": "USD", "created_by": 1}}, {"model": "rates.rate", "pk": 6, "fields": {"created_at": "2020-01-23T06:19:17.478Z", "updated_at": "2020-01-23T06:19:17.478Z", "is_deleted": false, "price_per_kg": "0.0000", "price_per_km": "0.0000", "price_per_truck": "45.0000", "preferred_currency": "USD", "created_by": 1}}, {"model": "rates.rate", "pk": 7, "fields": {"created_at": "2020-01-23T07:52:53.232Z", "updated_at": "2020-01-23T07:52:53.232Z", "is_deleted": false, "price_per_kg": "0.0000", "price_per_km": "0.0000", "price_per_truck": "45.0000", "preferred_currency": "USD", "created_by": 1}}, {"model": "rates.rate", "pk": 8, "fields": {"created_at": "2020-01-23T08:01:58.604Z", "updated_at": "2020-01-23T08:01:58.604Z", "is_deleted": false, "price_per_kg": "0.0000", "price_per_km": "45.0000", "price_per_truck": "0.0000", "preferred_currency": "KES", "created_by": 1}}, {"model": "rates.rate", "pk": 9, "fields": {"created_at": "2020-01-23T08:03:09.386Z", "updated_at": "2020-01-23T08:03:09.386Z", "is_deleted": false, "price_per_kg": "4500.0000", "price_per_km": "45.0000", "price_per_truck": "0.0000", "preferred_currency": "KES", "created_by": 1}}, {"model": "rates.rate", "pk": 10, "fields": {"created_at": "2020-01-23T08:04:12.486Z", "updated_at": "2020-01-23T08:04:12.486Z", "is_deleted": false, "price_per_kg": "4500.0000", "price_per_km": "45.0000", "price_per_truck": "0.0000", "preferred_currency": "USD", "created_by": 1}}, {"model": "rates.rate", "pk": 11, "fields": {"created_at": "2020-01-23T08:24:26.558Z", "updated_at": "2020-01-23T08:24:26.558Z", "is_deleted": false, "price_per_kg": "4500.0000", "price_per_km": "500.0000", "price_per_truck": "5200.0000", "preferred_currency": "KES", "created_by": 1}}, {"model": "rates.rate", "pk": 12, "fields": {"created_at": "2020-01-23T08:33:14.918Z", "updated_at": "2020-01-23T08:33:14.918Z", "is_deleted": false, "price_per_kg": "0.0000", "price_per_km": "0.0000", "price_per_truck": "2400.0000", "preferred_currency": "USD", "created_by": 1}}, {"model": "rates.rate", "pk": 13, "fields": {"created_at": "2020-01-23T08:34:56.825Z", "updated_at": "2020-01-23T08:34:56.825Z", "is_deleted": false, "price_per_kg": "0.0000", "price_per_km": "300.0000", "price_per_truck": "2400.0000", "preferred_currency": "USD", "created_by": 1}}, {"model": "rates.rate", "pk": 14, "fields": {"created_at": "2020-01-23T08:55:08.411Z", "updated_at": "2020-01-23T08:55:08.411Z", "is_deleted": false, "price_per_kg": "400.0000", "price_per_km": "300.0000", "price_per_truck": "0.0000", "preferred_currency": "USD", "created_by": 1}}, {"model": "rates.rate", "pk": 15, "fields": {"created_at": "2020-01-23T11:53:24.490Z", "updated_at": "2020-01-23T11:53:24.490Z", "is_deleted": false, "price_per_kg": "0.0000", "price_per_km": "0.0000", "price_per_truck": "1.0000", "preferred_currency": "USD", "created_by": 1}}, {"model": "rates.rate", "pk": 16, "fields": {"created_at": "2020-01-23T11:54:00.160Z", "updated_at": "2020-01-23T11:54:00.160Z", "is_deleted": false, "price_per_kg": "1.0000", "price_per_km": "0.0000", "price_per_truck": "0.0000", "preferred_currency": "USD", "created_by": 1}}, {"model": "rates.rate", "pk": 17, "fields": {"created_at": "2020-01-23T11:54:19.448Z", "updated_at": "2020-01-23T13:51:12.575Z", "is_deleted": false, "price_per_kg": "50.0000", "price_per_km": "74.0000", "price_per_truck": "25.0000", "preferred_currency": "KES", "created_by": 1}}, {"model": "rates.rate", "pk": 18, "fields": {"created_at": "2020-01-23T12:17:52.150Z", "updated_at": "2020-01-23T12:17:52.150Z", "is_deleted": false, "price_per_kg": "1.0000", "price_per_km": "3.0000", "price_per_truck": "2.0000", "preferred_currency": "USD", "created_by": 1}}, {"model": "rates.rate", "pk": 19, "fields": {"created_at": "2020-01-23T12:25:18.208Z", "updated_at": "2020-01-23T13:34:08.744Z", "is_deleted": false, "price_per_kg": "50.0000", "price_per_km": "74.0000", "price_per_truck": "25.0000", "preferred_currency": "USD", "created_by": 1}}, {"model": "rates.rate", "pk": 21, "fields": {"created_at": "2020-01-24T14:24:11.064Z", "updated_at": "2020-01-24T14:24:11.064Z", "is_deleted": false, "price_per_kg": "89.0000", "price_per_km": "78.0000", "price_per_truck": "58.0000", "preferred_currency": "USD", "created_by": 1}}, {"model": "rates.rate", "pk": 22, "fields": {"created_at": "2020-01-24T15:07:49.764Z", "updated_at": "2020-01-25T11:56:13.281Z", "is_deleted": true, "price_per_kg": "74.0000", "price_per_km": "69.0000", "price_per_truck": "85.0000", "preferred_currency": "USD", "created_by": 2}}, {"model": "rates.rate", "pk": 23, "fields": {"created_at": "2020-01-24T15:20:55.732Z", "updated_at": "2020-01-27T09:03:44.133Z", "is_deleted": false, "price_per_kg": "50.0000", "price_per_km": "100.0000", "price_per_truck": "85.0000", "preferred_currency": "USD", "created_by": 2}}, {"model": "rates.rate", "pk": 24, "fields": {"created_at": "2020-01-24T15:21:44.698Z", "updated_at": "2020-01-25T12:37:19.997Z", "is_deleted": true, "price_per_kg": "74.0000", "price_per_km": "80.0000", "price_per_truck": "58.0000", "preferred_currency": "KES", "created_by": 2}}, {"model": "rates.rate", "pk": 25, "fields": {"created_at": "2020-01-24T15:31:22.263Z", "updated_at": "2020-01-24T15:31:22.264Z", "is_deleted": false, "price_per_kg": "87.0000", "price_per_km": "80.0000", "price_per_truck": "58.0000", "preferred_currency": "KES", "created_by": 2}}, {"model": "rates.rate", "pk": 26, "fields": {"created_at": "2020-01-27T08:52:17.131Z", "updated_at": "2020-01-27T08:52:17.131Z", "is_deleted": false, "price_per_kg": "0.0000", "price_per_km": "0.0000", "price_per_truck": "0.0001", "preferred_currency": "USD", "created_by": 1}}, {"model": "assets.truck", "pk": 1, "fields": {"created_at": "2020-01-27T08:09:09.404Z", "updated_at": "2020-01-27T08:09:09.404Z", "is_deleted": false, "name": "Toyota Truck", "owned_by": 1, "reg_no": "KCB 705T", "haulage": "gdhabfhgh", "tracking": true, "type": "double diff"}}, {"model": "assets.trailer", "pk": 1, "fields": {"created_at": "2020-01-27T08:08:23.015Z", "updated_at": "2020-01-27T08:08:23.015Z", "is_deleted": false, "name": "Mercedes Truck", "owned_by": 2, "reg_no": "KCT 435T", "haulage": "gdhabfh", "tracking": true, "type": "refregirated"}}, {"model": "auth.permission", "pk": 1, "fields": {"name": "Can add log entry", "content_type": 1, "codename": "add_logentry"}}, {"model": "auth.permission", "pk": 2, "fields": {"name": "Can change log entry", "content_type": 1, "codename": "change_logentry"}}, {"model": "auth.permission", "pk": 3, "fields": {"name": "Can delete log entry", "content_type": 1, "codename": "delete_logentry"}}, {"model": "auth.permission", "pk": 4, "fields": {"name": "Can view log entry", "content_type": 1, "codename": "view_logentry"}}, {"model": "auth.permission", "pk": 5, "fields": {"name": "Can add permission", "content_type": 2, "codename": "add_permission"}}, {"model": "auth.permission", "pk": 6, "fields": {"name": "Can change permission", "content_type": 2, "codename": "change_permission"}}, {"model": "auth.permission", "pk": 7, "fields": {"name": "Can delete permission", "content_type": 2, "codename": "delete_permission"}}, {"model": "auth.permission", "pk": 8, "fields": {"name": "Can view permission", "content_type": 2, "codename": "view_permission"}}, {"model": "auth.permission", "pk": 9, "fields": {"name": "Can add group", "content_type": 3, "codename": "add_group"}}, {"model": "auth.permission", "pk": 10, "fields": {"name": "Can change group", "content_type": 3, "codename": "change_group"}}, {"model": "auth.permission", "pk": 11, "fields": {"name": "Can delete group", "content_type": 3, "codename": "delete_group"}}, {"model": "auth.permission", "pk": 12, "fields": {"name": "Can view group", "content_type": 3, "codename": "view_group"}}, {"model": "auth.permission", "pk": 13, "fields": {"name": "Can add content type", "content_type": 4, "codename": "add_contenttype"}}, {"model": "auth.permission", "pk": 14, "fields": {"name": "Can change content type", "content_type": 4, "codename": "change_contenttype"}}, {"model": "auth.permission", "pk": 15, "fields": {"name": "Can delete content type", "content_type": 4, "codename": "delete_contenttype"}}, {"model": "auth.permission", "pk": 16, "fields": {"name": "Can view content type", "content_type": 4, "codename": "view_contenttype"}}, {"model": "auth.permission", "pk": 17, "fields": {"name": "Can add session", "content_type": 5, "codename": "add_session"}}, {"model": "auth.permission", "pk": 18, "fields": {"name": "Can change session", "content_type": 5, "codename": "change_session"}}, {"model": "auth.permission", "pk": 19, "fields": {"name": "Can delete session", "content_type": 5, "codename": "delete_session"}}, {"model": "auth.permission", "pk": 20, "fields": {"name": "Can view session", "content_type": 5, "codename": "view_session"}}, {"model": "auth.permission", "pk": 21, "fields": {"name": "Can add transporter company", "content_type": 6, "codename": "add_transportercompany"}}, {"model": "auth.permission", "pk": 22, "fields": {"name": "Can change transporter company", "content_type": 6, "codename": "change_transportercompany"}}, {"model": "auth.permission", "pk": 23, "fields": {"name": "Can delete transporter company", "content_type": 6, "codename": "delete_transportercompany"}}, {"model": "auth.permission", "pk": 24, "fields": {"name": "Can view transporter company", "content_type": 6, "codename": "view_transportercompany"}}, {"model": "auth.permission", "pk": 25, "fields": {"name": "Can add person of contact", "content_type": 7, "codename": "add_personofcontact"}}, {"model": "auth.permission", "pk": 26, "fields": {"name": "Can change person of contact", "content_type": 7, "codename": "change_personofcontact"}}, {"model": "auth.permission", "pk": 27, "fields": {"name": "Can delete person of contact", "content_type": 7, "codename": "delete_personofcontact"}}, {"model": "auth.permission", "pk": 28, "fields": {"name": "Can view person of contact", "content_type": 7, "codename": "view_personofcontact"}}, {"model": "auth.permission", "pk": 29, "fields": {"name": "Can add cargo owner company", "content_type": 8, "codename": "add_cargoownercompany"}}, {"model": "auth.permission", "pk": 30, "fields": {"name": "Can change cargo owner company", "content_type": 8, "codename": "change_cargoownercompany"}}, {"model": "auth.permission", "pk": 31, "fields": {"name": "Can delete cargo owner company", "content_type": 8, "codename": "delete_cargoownercompany"}}, {"model": "auth.permission", "pk": 32, "fields": {"name": "Can view cargo owner company", "content_type": 8, "codename": "view_cargoownercompany"}}, {"model": "auth.permission", "pk": 33, "fields": {"name": "Can add role", "content_type": 9, "codename": "add_role"}}, {"model": "auth.permission", "pk": 34, "fields": {"name": "Can change role", "content_type": 9, "codename": "change_role"}}, {"model": "auth.permission", "pk": 35, "fields": {"name": "Can delete role", "content_type": 9, "codename": "delete_role"}}, {"model": "auth.permission", "pk": 36, "fields": {"name": "Can view role", "content_type": 9, "codename": "view_role"}}, {"model": "auth.permission", "pk": 37, "fields": {"name": "Can add user", "content_type": 10, "codename": "add_user"}}, {"model": "auth.permission", "pk": 38, "fields": {"name": "Can change user", "content_type": 10, "codename": "change_user"}}, {"model": "auth.permission", "pk": 39, "fields": {"name": "Can delete user", "content_type": 10, "codename": "delete_user"}}, {"model": "auth.permission", "pk": 40, "fields": {"name": "Can view user", "content_type": 10, "codename": "view_user"}}, {"model": "auth.permission", "pk": 41, "fields": {"name": "Can add depot", "content_type": 11, "codename": "add_depot"}}, {"model": "auth.permission", "pk": 42, "fields": {"name": "Can change depot", "content_type": 11, "codename": "change_depot"}}, {"model": "auth.permission", "pk": 43, "fields": {"name": "Can delete depot", "content_type": 11, "codename": "delete_depot"}}, {"model": "auth.permission", "pk": 44, "fields": {"name": "Can view depot", "content_type": 11, "codename": "view_depot"}}, {"model": "auth.permission", "pk": 45, "fields": {"name": "Can add order", "content_type": 12, "codename": "add_order"}}, {"model": "auth.permission", "pk": 46, "fields": {"name": "Can change order", "content_type": 12, "codename": "change_order"}}, {"model": "auth.permission", "pk": 47, "fields": {"name": "Can delete order", "content_type": 12, "codename": "delete_order"}}, {"model": "auth.permission", "pk": 48, "fields": {"name": "Can view order", "content_type": 12, "codename": "view_order"}}, {"model": "auth.permission", "pk": 49, "fields": {"name": "Can add cargo owner invoice", "content_type": 13, "codename": "add_cargoownerinvoice"}}, {"model": "auth.permission", "pk": 50, "fields": {"name": "Can change cargo owner invoice", "content_type": 13, "codename": "change_cargoownerinvoice"}}, {"model": "auth.permission", "pk": 51, "fields": {"name": "Can delete cargo owner invoice", "content_type": 13, "codename": "delete_cargoownerinvoice"}}, {"model": "auth.permission", "pk": 52, "fields": {"name": "Can view cargo owner invoice", "content_type": 13, "codename": "view_cargoownerinvoice"}}, {"model": "auth.permission", "pk": 53, "fields": {"name": "Can add trip", "content_type": 14, "codename": "add_trip"}}, {"model": "auth.permission", "pk": 54, "fields": {"name": "Can change trip", "content_type": 14, "codename": "change_trip"}}, {"model": "auth.permission", "pk": 55, "fields": {"name": "Can delete trip", "content_type": 14, "codename": "delete_trip"}}, {"model": "auth.permission", "pk": 56, "fields": {"name": "Can view trip", "content_type": 14, "codename": "view_trip"}}, {"model": "auth.permission", "pk": 57, "fields": {"name": "Can add trip invoice", "content_type": 15, "codename": "add_tripinvoice"}}, {"model": "auth.permission", "pk": 58, "fields": {"name": "Can change trip invoice", "content_type": 15, "codename": "change_tripinvoice"}}, {"model": "auth.permission", "pk": 59, "fields": {"name": "Can delete trip invoice", "content_type": 15, "codename": "delete_tripinvoice"}}, {"model": "auth.permission", "pk": 60, "fields": {"name": "Can view trip invoice", "content_type": 15, "codename": "view_tripinvoice"}}, {"model": "auth.permission", "pk": 61, "fields": {"name": "Can add rating", "content_type": 16, "codename": "add_rating"}}, {"model": "auth.permission", "pk": 62, "fields": {"name": "Can change rating", "content_type": 16, "codename": "change_rating"}}, {"model": "auth.permission", "pk": 63, "fields": {"name": "Can delete rating", "content_type": 16, "codename": "delete_rating"}}, {"model": "auth.permission", "pk": 64, "fields": {"name": "Can view rating", "content_type": 16, "codename": "view_rating"}}, {"model": "auth.permission", "pk": 65, "fields": {"name": "Can add cargo type", "content_type": 17, "codename": "add_cargotype"}}, {"model": "auth.permission", "pk": 66, "fields": {"name": "Can change cargo type", "content_type": 17, "codename": "change_cargotype"}}, {"model": "auth.permission", "pk": 67, "fields": {"name": "Can delete cargo type", "content_type": 17, "codename": "delete_cargotype"}}, {"model": "auth.permission", "pk": 68, "fields": {"name": "Can view cargo type", "content_type": 17, "codename": "view_cargotype"}}, {"model": "auth.permission", "pk": 69, "fields": {"name": "Can add commodity", "content_type": 18, "codename": "add_commodity"}}, {"model": "auth.permission", "pk": 70, "fields": {"name": "Can change commodity", "content_type": 18, "codename": "change_commodity"}}, {"model": "auth.permission", "pk": 71, "fields": {"name": "Can delete commodity", "content_type": 18, "codename": "delete_commodity"}}, {"model": "auth.permission", "pk": 72, "fields": {"name": "Can view commodity", "content_type": 18, "codename": "view_commodity"}}, {"model": "auth.permission", "pk": 73, "fields": {"name": "Can add rate", "content_type": 19, "codename": "add_rate"}}, {"model": "auth.permission", "pk": 74, "fields": {"name": "Can change rate", "content_type": 19, "codename": "change_rate"}}, {"model": "auth.permission", "pk": 75, "fields": {"name": "Can delete rate", "content_type": 19, "codename": "delete_rate"}}, {"model": "auth.permission", "pk": 76, "fields": {"name": "Can view rate", "content_type": 19, "codename": "view_rate"}}, {"model": "auth.permission", "pk": 77, "fields": {"name": "Can add truck", "content_type": 20, "codename": "add_truck"}}, {"model": "auth.permission", "pk": 78, "fields": {"name": "Can change truck", "content_type": 20, "codename": "change_truck"}}, {"model": "auth.permission", "pk": 79, "fields": {"name": "Can delete truck", "content_type": 20, "codename": "delete_truck"}}, {"model": "auth.permission", "pk": 80, "fields": {"name": "Can view truck", "content_type": 20, "codename": "view_truck"}}, {"model": "auth.permission", "pk": 81, "fields": {"name": "Can add trailer", "content_type": 21, "codename": "add_trailer"}}, {"model": "auth.permission", "pk": 82, "fields": {"name": "Can change trailer", "content_type": 21, "codename": "change_trailer"}}, {"model": "auth.permission", "pk": 83, "fields": {"name": "Can delete trailer", "content_type": 21, "codename": "delete_trailer"}}, {"model": "auth.permission", "pk": 84, "fields": {"name": "Can view trailer", "content_type": 21, "codename": "view_trailer"}}, {"model": "auth.permission", "pk": 85, "fields": {"name": "Can add driver", "content_type": 22, "codename": "add_driver"}}, {"model": "auth.permission", "pk": 86, "fields": {"name": "Can change driver", "content_type": 22, "codename": "change_driver"}}, {"model": "auth.permission", "pk": 87, "fields": {"name": "Can delete driver", "content_type": 22, "codename": "delete_driver"}}, {"model": "auth.permission", "pk": 88, "fields": {"name": "Can view driver", "content_type": 22, "codename": "view_driver"}}, {"model": "auth.permission", "pk": 89, "fields": {"name": "Can add blacklisted token", "content_type": 23, "codename": "add_blacklistedtoken"}}, {"model": "auth.permission", "pk": 90, "fields": {"name": "Can change blacklisted token", "content_type": 23, "codename": "change_blacklistedtoken"}}, {"model": "auth.permission", "pk": 91, "fields": {"name": "Can delete blacklisted token", "content_type": 23, "codename": "delete_blacklistedtoken"}}, {"model": "auth.permission", "pk": 92, "fields": {"name": "Can view blacklisted token", "content_type": 23, "codename": "view_blacklistedtoken"}}, {"model": "auth.permission", "pk": 93, "fields": {"name": "Can add outstanding token", "content_type": 24, "codename": "add_outstandingtoken"}}, {"model": "auth.permission", "pk": 94, "fields": {"name": "Can change outstanding token", "content_type": 24, "codename": "change_outstandingtoken"}}, {"model": "auth.permission", "pk": 95, "fields": {"name": "Can delete outstanding token", "content_type": 24, "codename": "delete_outstandingtoken"}}, {"model": "auth.permission", "pk": 96, "fields": {"name": "Can view outstanding token", "content_type": 24, "codename": "view_outstandingtoken"}}, {"model": "authentication.user", "pk": 1, "fields": {"password": "pbkdf2_sha256$150000$B5BeptLdMapP$nNCDiPUhO3ujkrSM58wxwt2oH6SqwflB6qQEs1pHBFo=", "last_login": "2020-01-27T08:05:52.310Z", "is_superuser": true, "created_at": "2020-01-22T12:27:50.966Z", "updated_at": "2020-01-22T12:27:50.966Z", "is_deleted": false, "full_name": "Josh Edewa", "email": "joshedewa@gmail.com", "phone": "+254718368592", "date_joined": "2020-01-22T12:27:50.966Z", "is_verified": true, "is_active": true, "is_staff": true, "role": "superuser", "groups": [], "user_permissions": []}}, {"model": "authentication.user", "pk": 2, "fields": {"password": "pbkdf2_sha256$150000$BrkAVkuh0uK0$c6tJjZeViin9RDOsbBHjggZRBzHByBUya3zi++cdPYE=", "last_login": null, "is_superuser": false, "created_at": "2020-01-23T13:48:11.549Z", "updated_at": "2020-01-23T13:49:39.730Z", "is_deleted": false, "full_name": "Paul Tergat", "email": "tergat@example.com", "phone": "+2540020036", "date_joined": "2020-01-23T13:49:39.730Z", "is_verified": true, "is_active": true, "is_staff": false, "role": "cargo-owner", "groups": [], "user_permissions": []}}, {"model": "authentication.user", "pk": 3, "fields": {"password": "pbkdf2_sha256$150000$WISeRx70RmWI$i9XkpvzsdvrdTxgGlKezfpcLbNJDQ8bSKmD7sY81vTc=", "last_login": null, "is_superuser": false, "created_at": "2020-01-24T20:03:36.205Z", "updated_at": "2020-01-24T20:05:30.061Z", "is_deleted": false, "full_name": "Mutuku Musyoka", "email": "mutuku@example.com", "phone": "+25674523", "date_joined": "2020-01-24T20:05:30.061Z", "is_verified": true, "is_active": true, "is_staff": false, "role": "cargo-owner", "groups": [], "user_permissions": []}}, {"model": "authentication.user", "pk": 4, "fields": {"password": "pbkdf2_sha256$150000$8cdwHgRcFUhA$P69G1k4NmmGdu5Swem5U1Ec9CKUzHVCczIABteqOF98=", "last_login": null, "is_superuser": false, "created_at": "2020-01-24T20:10:57.624Z", "updated_at": "2020-01-24T20:11:23.588Z", "is_deleted": false, "full_name": "Malaki Sammy", "email": "malaki@example.com", "phone": "+256745235", "date_joined": "2020-01-24T20:11:23.588Z", "is_verified": true, "is_active": true, "is_staff": false, "role": "transporter", "groups": [], "user_permissions": []}}, {"model": "authentication.user", "pk": 5, "fields": {"password": "pbkdf2_sha256$150000$ZeEr3u8xSTrU$QXyL+nshzgvPCRWtV6bmNQKuwHaBiTY0MaToH0vYnoM=", "last_login": null, "is_superuser": false, "created_at": "2020-01-25T12:57:12.851Z", "updated_at": "2020-01-25T12:57:12.851Z", "is_deleted": false, "full_name": "Ejakait Edewa", "email": "edewa@dhl.com", "phone": "+2547123547", "date_joined": "2020-01-25T12:57:12.851Z", "is_verified": true, "is_active": true, "is_staff": false, "role": "transporter", "groups": [], "user_permissions": []}}, {"model": "authentication.user", "pk": 6, "fields": {"password": "pbkdf2_sha256$150000$APq6IR5bxG5V$SY0L9RzcYAz0QzmHA8UE5GQnp5c1gT+QRAboMv+nD/o=", "last_login": null, "is_superuser": false, "created_at": "2020-01-27T09:40:31.156Z", "updated_at": "2020-01-27T09:40:31.156Z", "is_deleted": false, "full_name": "John Deere", "email": "johndeere@cubemovers.com", "phone": "+2542356231", "date_joined": "2020-01-27T09:40:31.157Z", "is_verified": true, "is_active": true, "is_staff": false, "role": "driver", "groups": [], "user_permissions": []}}, {"model": "depots.depot", "pk": 1, "fields": {"created_at": "2020-01-27T09:33:27.054Z", "updated_at": "2020-01-27T09:33:54.068Z", "is_deleted": false, "user": 3, "city": "Nairobi", "address": "6000-00200", "street": "Parklands", "state": "Nairobi", "coordinates": "{\"lattitude\": \"30\", \"longitude\": \"40\"}", "is_public": true}}, {"model": "transporter.driver", "pk": 1, "fields": {"created_at": "2020-01-28T09:13:53.236Z", "updated_at": "2020-01-28T09:13:53.236Z", "is_deleted": false, "id_number": "2135678", "user": 6, "company": 2, "driver_license": "348-678-L"}}, {"model": "token_blacklist.outstandingtoken", "pk": 1, "fields": {"user": 1, "jti": "2d2ecc17f5c34ed982708a6b90773bf3", "token": "eyJ0eXAiOiJKV1QiLCJhbGciOiJIUzI1NiJ9.eyJ0b2tlbl90eXBlIjoicmVmcmVzaCIsImV4cCI6MTU3OTg2ODAwMSwianRpIjoiMmQyZWNjMTdmNWMzNGVkOTgyNzA4YTZiOTA3NzNiZjMiLCJ1c2VyX2lkIjoxfQ.TQXXlntQGDGbdEi8Q5ItguoCWc_vGAZQFrOJOSjeAkU", "created_at": "2020-01-23T12:13:21.286Z", "expires_at": "2020-01-24T12:13:21Z"}}, {"model": "token_blacklist.outstandingtoken", "pk": 2, "fields": {"user": 1, "jti": "c9ac4da14540458c988854cb9c8894d0", "token": "eyJ0eXAiOiJKV1QiLCJhbGciOiJIUzI1NiJ9.eyJ0b2tlbl90eXBlIjoicmVmcmVzaCIsImV4cCI6MTU3OTg3MjIxNSwianRpIjoiYzlhYzRkYTE0NTQwNDU4Yzk4ODg1NGNiOWM4ODk0ZDAiLCJ1c2VyX2lkIjoxfQ.awgVtH6zHqKeHFpBoEOIzM8-ronTpqr5b3z4YTwnU7w", "created_at": "2020-01-23T13:23:35.547Z", "expires_at": "2020-01-24T13:23:35Z"}}, {"model": "token_blacklist.outstandingtoken", "pk": 3, "fields": {"user": 2, "jti": "5b72ee5c1ab4427a935107ac1220e75b", "token": "eyJ0eXAiOiJKV1QiLCJhbGciOiJIUzI1NiJ9.eyJ0b2tlbl90eXBlIjoicmVmcmVzaCIsImV4cCI6MTU3OTg3MzgxNCwianRpIjoiNWI3MmVlNWMxYWI0NDI3YTkzNTEwN2FjMTIyMGU3NWIiLCJ1c2VyX2lkIjoyfQ.QyDLwFNFy3jpef1G_wNGcwq9GUhwoLPBEfTpf4CDEyo", "created_at": "2020-01-23T13:50:14.367Z", "expires_at": "2020-01-24T13:50:14Z"}}, {"model": "token_blacklist.outstandingtoken", "pk": 4, "fields": {"user": 2, "jti": "296ba0077da34d4fb53dd4d1c85bb9aa", "token": "eyJ0eXAiOiJKV1QiLCJhbGciOiJIUzI1NiJ9.eyJ0b2tlbl90eXBlIjoicmVmcmVzaCIsImV4cCI6MTU3OTg3NjUzMSwianRpIjoiMjk2YmEwMDc3ZGEzNGQ0ZmI1M2RkNGQxYzg1YmI5YWEiLCJ1c2VyX2lkIjoyfQ.h5wv4H1NzaEwB0Qsc9mgqrHnvyL3FY6qmZzE8QAa_gY", "created_at": "2020-01-23T14:35:31.014Z", "expires_at": "2020-01-24T14:35:31Z"}}, {"model": "token_blacklist.outstandingtoken", "pk": 5, "fields": {"user": 1, "jti": "b94389d782fa48e1b5e9771e60d41405", "token": "eyJ0eXAiOiJKV1QiLCJhbGciOiJIUzI1NiJ9.eyJ0b2tlbl90eXBlIjoicmVmcmVzaCIsImV4cCI6MTU3OTg3NzQ3MywianRpIjoiYjk0Mzg5ZDc4MmZhNDhlMWI1ZTk3NzFlNjBkNDE0MDUiLCJ1c2VyX2lkIjoxfQ.fAPGkvT4ziz_KpI-jt-xrfsFpTqgpu12nu_B4DmBoq0", "created_at": "2020-01-23T14:51:13.961Z", "expires_at": "2020-01-24T14:51:13Z"}}, {"model": "token_blacklist.outstandingtoken", "pk": 6, "fields": {"user": 2, "jti": "7d00111388764b9590c519e4d02efbca", "token": "eyJ0eXAiOiJKV1QiLCJhbGciOiJIUzI1NiJ9.eyJ0b2tlbl90eXBlIjoicmVmcmVzaCIsImV4cCI6MTU3OTg3Nzk0MiwianRpIjoiN2QwMDExMTM4ODc2NGI5NTkwYzUxOWU0ZDAyZWZiY2EiLCJ1c2VyX2lkIjoyfQ.gMhBXzACwIJ5CJgIMj5cjnU_KFNCzwFmAP_iN63krWQ", "created_at": "2020-01-23T14:59:02.027Z", "expires_at": "2020-01-24T14:59:02Z"}}, {"model": "token_blacklist.outstandingtoken", "pk": 7, "fields": {"user": 1, "jti": "91ead6f2efb64ac59619199467f7cdab", "token": "eyJ0eXAiOiJKV1QiLCJhbGciOiJIUzI1NiJ9.eyJ0b2tlbl90eXBlIjoicmVmcmVzaCIsImV4cCI6MTU3OTk2MTU1NCwianRpIjoiOTFlYWQ2ZjJlZmI2NGFjNTk2MTkxOTk0NjdmN2NkYWIiLCJ1c2VyX2lkIjoxfQ.KHPnif-71BcO7yC3Q2Yyvv_1bm2Om9iOCsrtEQgXIyc", "created_at": "2020-01-24T14:12:34.703Z", "expires_at": "2020-01-25T14:12:34Z"}}, {"model": "token_blacklist.outstandingtoken", "pk": 8, "fields": {"user": 2, "jti": "b2c0ba6f06d8442497b312bfdceef5a0", "token": "eyJ0eXAiOiJKV1QiLCJhbGciOiJIUzI1NiJ9.eyJ0b2tlbl90eXBlIjoicmVmcmVzaCIsImV4cCI6MTU3OTk2MjE1MywianRpIjoiYjJjMGJhNmYwNmQ4NDQyNDk3YjMxMmJmZGNlZWY1YTAiLCJ1c2VyX2lkIjoyfQ.JMyX9_I2YgP6o7j8LQnJPrjHitFXUSuW5qciV9Jp7TM", "created_at": "2020-01-24T14:22:33.758Z", "expires_at": "2020-01-25T14:22:33Z"}}, {"model": "token_blacklist.outstandingtoken", "pk": 9, "fields": {"user": 3, "jti": "db4f032188bc4d2286de6a475c7cb501", "token": "eyJ0eXAiOiJKV1QiLCJhbGciOiJIUzI1NiJ9.eyJ0b2tlbl90eXBlIjoicmVmcmVzaCIsImV4cCI6MTU3OTk4MjczOSwianRpIjoiZGI0ZjAzMjE4OGJjNGQyMjg2ZGU2YTQ3NWM3Y2I1MDEiLCJ1c2VyX2lkIjozfQ.UWjzI5nopBXyKMlD_SGLhM-yNoUD6mmeO3CITNaZ7PE", "created_at": "2020-01-24T20:05:39.854Z", "expires_at": "2020-01-25T20:05:39Z"}}, {"model": "token_blacklist.outstandingtoken", "pk": 10, "fields": {"user": 4, "jti": "e970d897b0ad48348e33cc026e21d8b5", "token": "eyJ0eXAiOiJKV1QiLCJhbGciOiJIUzI1NiJ9.eyJ0b2tlbl90eXBlIjoicmVmcmVzaCIsImV4cCI6MTU3OTk4MzEyMCwianRpIjoiZTk3MGQ4OTdiMGFkNDgzNDhlMzNjYzAyNmUyMWQ4YjUiLCJ1c2VyX2lkIjo0fQ.-6nXUCO2kHBvXCiy5ks9S1rjICAYZ6P_wFgzp__e_pU", "created_at": "2020-01-24T20:12:00.932Z", "expires_at": "2020-01-25T20:12:00Z"}}, {"model": "token_blacklist.outstandingtoken", "pk": 11, "fields": {"user": 2, "jti": "16d1c8c65e7646ddaf06c0574d7a6f17", "token": "eyJ0eXAiOiJKV1QiLCJhbGciOiJIUzI1NiJ9.eyJ0b2tlbl90eXBlIjoicmVmcmVzaCIsImV4cCI6MTU4MDAzODQwNCwianRpIjoiMTZkMWM4YzY1ZTc2NDZkZGFmMDZjMDU3NGQ3YTZmMTciLCJ1c2VyX2lkIjoyfQ.6EuR6GDxRLJuiftVKmaQdM-D85LbSGvAqYpl4BlIcMk", "created_at": "2020-01-25T11:33:24.176Z", "expires_at": "2020-01-26T11:33:24Z"}}, {"model": "token_blacklist.outstandingtoken", "pk": 12, "fields": {"user": 1, "jti": "e00fc0d393d5414e9bfde878a16ee25c", "token": "eyJ0eXAiOiJKV1QiLCJhbGciOiJIUzI1NiJ9.eyJ0b2tlbl90eXBlIjoicmVmcmVzaCIsImV4cCI6MTU4MDAzOTE1OSwianRpIjoiZTAwZmMwZDM5M2Q1NDE0ZTliZmRlODc4YTE2ZWUyNWMiLCJ1c2VyX2lkIjoxfQ.afa2WklAR3EigUF8lxzjpp2Lj6nHo3zmG-9qJwDwIVQ", "created_at": "2020-01-25T11:45:59.844Z", "expires_at": "2020-01-26T11:45:59Z"}}, {"model": "token_blacklist.outstandingtoken", "pk": 13, "fields": {"user": 2, "jti": "77882be76e1443929018f413d852fcc4", "token": "eyJ0eXAiOiJKV1QiLCJhbGciOiJIUzI1NiJ9.eyJ0b2tlbl90eXBlIjoicmVmcmVzaCIsImV4cCI6MTU4MDA0MDQyOSwianRpIjoiNzc4ODJiZTc2ZTE0NDM5MjkwMThmNDEzZDg1MmZjYzQiLCJ1c2VyX2lkIjoyfQ.s_62KFOeW349lWKYfS8eVPRTCKCulVhODQbC-GauMYA", "created_at": "2020-01-25T12:07:09.899Z", "expires_at": "2020-01-26T12:07:09Z"}}, {"model": "token_blacklist.outstandingtoken", "pk": 14, "fields": {"user": 3, "jti": "c063d23b2099406f8a5c7ea2dbd9c11e", "token": "eyJ0eXAiOiJKV1QiLCJhbGciOiJIUzI1NiJ9.eyJ0b2tlbl90eXBlIjoicmVmcmVzaCIsImV4cCI6MTU4MDA0MjQwNCwianRpIjoiYzA2M2QyM2IyMDk5NDA2ZjhhNWM3ZWEyZGJkOWMxMWUiLCJ1c2VyX2lkIjozfQ.TDzPWYppwuv8IQR7gdND64XetbogtaCBfd9Vb5n5Va4", "created_at": "2020-01-25T12:40:04.645Z", "expires_at": "2020-01-26T12:40:04Z"}}, {"model": "token_blacklist.outstandingtoken", "pk": 15, "fields": {"user": 2, "jti": "596300faeea9456db4c3ccc2bdadc6ce", "token": "eyJ0eXAiOiJKV1QiLCJhbGciOiJIUzI1NiJ9.eyJ0b2tlbl90eXBlIjoicmVmcmVzaCIsImV4cCI6MTU4MDA0MzI2NiwianRpIjoiNTk2MzAwZmFlZWE5NDU2ZGI0YzNjY2MyYmRhZGM2Y2UiLCJ1c2VyX2lkIjoyfQ.vFENwC64JiI_zHh1E6ROB2zH3pFv2J74NTxhbAUgAcI", "created_at": "2020-01-25T12:54:26.703Z", "expires_at": "2020-01-26T12:54:26Z"}}, {"model": "token_blacklist.outstandingtoken", "pk": 16, "fields": {"user": 5, "jti": "12104e22989040fb9293fb63f7f514a2", "token": "eyJ0eXAiOiJKV1QiLCJhbGciOiJIUzI1NiJ9.eyJ0b2tlbl90eXBlIjoicmVmcmVzaCIsImV4cCI6MTU4MDA0MzQ2NiwianRpIjoiMTIxMDRlMjI5ODkwNDBmYjkyOTNmYjYzZjdmNTE0YTIiLCJ1c2VyX2lkIjo1fQ.7jv--Bv8e3T505JwuIk5jGV10FIr6MkFWom3wYlk9h0", "created_at": "2020-01-25T12:57:46.869Z", "expires_at": "2020-01-26T12:57:46Z"}}, {"model": "token_blacklist.outstandingtoken", "pk": 17, "fields": {"user": 5, "jti": "6d255c4f4c08438fbfa1d0bf64a65136", "token": "eyJ0eXAiOiJKV1QiLCJhbGciOiJIUzI1NiJ9.eyJ0b2tlbl90eXBlIjoicmVmcmVzaCIsImV4cCI6MTU4MDA1OTk3NSwianRpIjoiNmQyNTVjNGY0YzA4NDM4ZmJmYTFkMGJmNjRhNjUxMzYiLCJ1c2VyX2lkIjo1fQ.tTrmAuwvrGNzumf6uAac27osZfvMwcME7Cnpjubqvhs", "created_at": "2020-01-25T17:32:55.815Z", "expires_at": "2020-01-26T17:32:55Z"}}, {"model": "token_blacklist.outstandingtoken", "pk": 18, "fields": {"user": 1, "jti": "e7e5cf436c664e7197671a830e24ac2f", "token": "eyJ0eXAiOiJKV1QiLCJhbGciOiJIUzI1NiJ9.eyJ0b2tlbl90eXBlIjoicmVmcmVzaCIsImV4cCI6MTU4MDA2MDYxNiwianRpIjoiZTdlNWNmNDM2YzY2NGU3MTk3NjcxYTgzMGUyNGFjMmYiLCJ1c2VyX2lkIjoxfQ.TEm1gqQ4tJEc1MugTSogRi6W0T_N8y8cCNjv5VLfbIM", "created_at": "2020-01-25T17:43:36.354Z", "expires_at": "2020-01-26T17:43:36Z"}}, {"model": "token_blacklist.outstandingtoken", "pk": 19, "fields": {"user": 5, "jti": "4b45566b4c0b4098951c5cad81745fdd", "token": "eyJ0eXAiOiJKV1QiLCJhbGciOiJIUzI1NiJ9.eyJ0b2tlbl90eXBlIjoicmVmcmVzaCIsImV4cCI6MTU4MDA2MjczNiwianRpIjoiNGI0NTU2NmI0YzBiNDA5ODk1MWM1Y2FkODE3NDVmZGQiLCJ1c2VyX2lkIjo1fQ.G0eqjEFoWg9Tq1mAKXxSL9LodS49YLQ_eSZP_TyV-Yw", "created_at": "2020-01-25T18:18:56.302Z", "expires_at": "2020-01-26T18:18:56Z"}}, {"model": "token_blacklist.outstandingtoken", "pk": 20, "fields": {"user": 5, "jti": "da10d24f09be4393bd63f65456725ae4", "token": "eyJ0eXAiOiJKV1QiLCJhbGciOiJIUzI1NiJ9.eyJ0b2tlbl90eXBlIjoicmVmcmVzaCIsImV4cCI6MTU4MDA2MzM0NywianRpIjoiZGExMGQyNGYwOWJlNDM5M2JkNjNmNjU0NTY3MjVhZTQiLCJ1c2VyX2lkIjo1fQ.L6a6ECRQCJJ40E9iGJsCffTgJ_0Fm8oM5_cr6qNxndI", "created_at": "2020-01-25T18:29:07.144Z", "expires_at": "2020-01-26T18:29:07Z"}}, {"model": "token_blacklist.outstandingtoken", "pk": 21, "fields": {"user": 4, "jti": "f4e30e0975e74fe69467f95b9739160b", "token": "eyJ0eXAiOiJKV1QiLCJhbGciOiJIUzI1NiJ9.eyJ0b2tlbl90eXBlIjoicmVmcmVzaCIsImV4cCI6MTU4MDA2MzU1NSwianRpIjoiZjRlMzBlMDk3NWU3NGZlNjk0NjdmOTViOTczOTE2MGIiLCJ1c2VyX2lkIjo0fQ.aB_-ftA71EPlReWhv1SRTbzeWcUB8tcTWiR6na5vVac", "created_at": "2020-01-25T18:32:35.660Z", "expires_at": "2020-01-26T18:32:35Z"}}, {"model": "token_blacklist.outstandingtoken", "pk": 22, "fields": {"user": 1, "jti": "8f3df19935f146b6a9e209f529dc1f3e", "token": "eyJ0eXAiOiJKV1QiLCJhbGciOiJIUzI1NiJ9.eyJ0b2tlbl90eXBlIjoicmVmcmVzaCIsImV4cCI6MTU4MDA2MzY3OCwianRpIjoiOGYzZGYxOTkzNWYxNDZiNmE5ZTIwOWY1MjlkYzFmM2UiLCJ1c2VyX2lkIjoxfQ.2PIuG0Ajnp0jGr4iA8nW3szvapQG1TPN8zWxoiRt5rI", "created_at": "2020-01-25T18:34:38.090Z", "expires_at": "2020-01-26T18:34:38Z"}}, {"model": "token_blacklist.outstandingtoken", "pk": 23, "fields": {"user": 2, "jti": "c3fb00b700404006b228c86f20d37a71", "token": "eyJ0eXAiOiJKV1QiLCJhbGciOiJIUzI1NiJ9.eyJ0b2tlbl90eXBlIjoicmVmcmVzaCIsImV4cCI6MTU4MDIwMTYzMywianRpIjoiYzNmYjAwYjcwMDQwNDAwNmIyMjhjODZmMjBkMzdhNzEiLCJ1c2VyX2lkIjoyfQ.WTALRXN4ttM9LdFAXqCl-YzlqHb_Q1nYAGYYYoQswdA", "created_at": "2020-01-27T08:53:53.859Z", "expires_at": "2020-01-28T08:53:53Z"}}, {"model": "token_blacklist.outstandingtoken", "pk": 24, "fields": {"user": 4, "jti": "e01185f24d4041ef997a33a2c32f243d", "token": "eyJ0eXAiOiJKV1QiLCJhbGciOiJIUzI1NiJ9.eyJ0b2tlbl90eXBlIjoicmVmcmVzaCIsImV4cCI6MTU4MDIwMjMxMSwianRpIjoiZTAxMTg1ZjI0ZDQwNDFlZjk5N2EzM2EyYzMyZjI0M2QiLCJ1c2VyX2lkIjo0fQ.5v1IARD_MwjOIvpIijqsOeEohX6-K4piiQC6T8Z2qI0", "created_at": "2020-01-27T09:05:11.177Z", "expires_at": "2020-01-28T09:05:11Z"}}, {"model": "token_blacklist.outstandingtoken", "pk": 25, "fields": {"user": 3, "jti": "dee124d3386341e98adb0e93618adb7d", "token": "eyJ0eXAiOiJKV1QiLCJhbGciOiJIUzI1NiJ9.eyJ0b2tlbl90eXBlIjoicmVmcmVzaCIsImV4cCI6MTU4MDIwMzg1MiwianRpIjoiZGVlMTI0ZDMzODYzNDFlOThhZGIwZTkzNjE4YWRiN2QiLCJ1c2VyX2lkIjozfQ.cEncHDTQWrQt-E3uwg95kRyiJK5OKNWqXOFnJbFiuqQ", "created_at": "2020-01-27T09:30:52.305Z", "expires_at": "2020-01-28T09:30:52Z"}}, {"model": "token_blacklist.outstandingtoken", "pk": 26, "fields": {"user": 1, "jti": "01d6784919b2498f80a98e9d678f3ee2", "token": "eyJ0eXAiOiJKV1QiLCJhbGciOiJIUzI1NiJ9.eyJ0b2tlbl90eXBlIjoicmVmcmVzaCIsImV4cCI6MTU4MDIwNTI1MywianRpIjoiMDFkNjc4NDkxOWIyNDk4ZjgwYTk4ZTlkNjc4ZjNlZTIiLCJ1c2VyX2lkIjoxfQ.H3JdUybx6jDDgbrOMFyOPj75IZRTioEDzA2kdGecxH8", "created_at": "2020-01-27T09:54:13.573Z", "expires_at": "2020-01-28T09:54:13Z"}}, {"model": "token_blacklist.outstandingtoken", "pk": 27, "fields": {"user": 2, "jti": "264e86a0ad884dc5b9c00b5a40795fd8", "token": "eyJ0eXAiOiJKV1QiLCJhbGciOiJIUzI1NiJ9.eyJ0b2tlbl90eXBlIjoicmVmcmVzaCIsImV4cCI6MTU4MDIxNDU1NywianRpIjoiMjY0ZTg2YTBhZDg4NGRjNWI5YzAwYjVhNDA3OTVmZDgiLCJ1c2VyX2lkIjoyfQ.LvCY84PtnhZcGr0UKm8ZXR-2gyP5bTaAI7IXDrQDeXw", "created_at": "2020-01-27T12:29:17.658Z", "expires_at": "2020-01-28T12:29:17Z"}}, {"model": "token_blacklist.outstandingtoken", "pk": 28, "fields": {"user": 3, "jti": "a961ba5d970e4e59a47807e94d886dea", "token": "eyJ0eXAiOiJKV1QiLCJhbGciOiJIUzI1NiJ9.eyJ0b2tlbl90eXBlIjoicmVmcmVzaCIsImV4cCI6MTU4MDIxNTA1MCwianRpIjoiYTk2MWJhNWQ5NzBlNGU1OWE0NzgwN2U5NGQ4ODZkZWEiLCJ1c2VyX2lkIjozfQ.eMgnKwqZmraR1uxcyzgb3nsmEt9sa7OQqmhygj52Avg", "created_at": "2020-01-27T12:37:30.765Z", "expires_at": "2020-01-28T12:37:30Z"}}, {"model": "token_blacklist.outstandingtoken", "pk": 29, "fields": {"user": 4, "jti": "b1c955ad1a254f11b3add9a878e1b1dc", "token": "eyJ0eXAiOiJKV1QiLCJhbGciOiJIUzI1NiJ9.eyJ0b2tlbl90eXBlIjoicmVmcmVzaCIsImV4cCI6MTU4MDIxNTA5NywianRpIjoiYjFjOTU1YWQxYTI1NGYxMWIzYWRkOWE4NzhlMWIxZGMiLCJ1c2VyX2lkIjo0fQ.RTi2RmTK3yRLybZQW5xWX1fHmxUXYp_-Re8l7ZEoI04", "created_at": "2020-01-27T12:38:17.414Z", "expires_at": "2020-01-28T12:38:17Z"}}, {"model": "companies.transportercompany", "pk": 1, "fields": {"created_at": "2020-01-23T14:41:12.927Z", "updated_at": "2020-01-25T18:06:15.822Z", "is_deleted": false, "business_name": "DHL", "business_type": "Corporate", "account_number": "5487856212", "prefered_currency": "USD", "logo": "documents/id1_OyixPzD_uwNHDUt.jpg", "business_phone_no": "+254712367523", "business_email": "dhl@coprorate.com", "postal_code": "62000-00100", "location": "Mombosa", "company_director": 5, "operational_regions": "transit", "is_active": true, "certificate_of_incorporation": "documents/Logistics_101_0QiuCNK_CQ2AK1x_WDMMTKZ.pdf", "directors_id": "documents/Logistics_101_0QiuCNK_CQ2AK1x_Z8ZCmIg.pdf", "number_of_trucks": "500", "number_of_drivers": 557, "goods_in_transit_insurance": "documents/Logistics_101_pkxBezA.pdf", "tax_compliance_certificate": "documents/Logistics_101_1JKNPaO_fpGaw2z_jWY8tkj.pdf", "ntsa_inspection_certificates": "documents/Logistics_101_tTe90hY_rwCKKSK_L6TtQbF.pdf", "icdn_or_port_passes": "documents/Logistics_101_tTe90hY_tZVrW4d.pdf", "cross_boarder_operation": "documents/Logistics_101_1JKNPaO_rRLLduN_9tlN0hU.pdf"}}, {"model": "companies.transportercompany", "pk": 2, "fields": {"created_at": "2020-01-25T18:27:28.935Z", "updated_at": "2020-01-25T18:27:28.935Z", "is_deleted": false, "business_name": "Cube Movers", "business_type": "Corporate", "account_number": "457869", "prefered_currency": "USD", "logo": "documents/id1_eBL3wSj_NTTLP8X.jpg", "business_phone_no": "+254712365727", "business_email": "business@cubemovers.com", "postal_code": "62000-00100", "location": "Westlands, Nairobi", "company_director": 4, "operational_regions": "transit", "is_active": true, "certificate_of_incorporation": "documents/Logistics_101_0QiuCNK_2rvDxWi_oho6RDq.pdf", "directors_id": "documents/Logistics_101_bNjUcAc_G5jEDl6.pdf", "number_of_trucks": "500", "number_of_drivers": 31, "goods_in_transit_insurance": "documents/Logistics_101_PGOh31V_EUdXxPn.pdf", "tax_compliance_certificate": "documents/Logistics_101_0QiuCNK_jdEwMr0.pdf", "ntsa_inspection_certificates": "documents/Logistics_101_tTe90hY_rwCKKSK_L6TtQbF_piwzCQZ.pdf", "icdn_or_port_passes": "documents/Logistics_101_nLgDYmY_2DandP1.pdf", "cross_boarder_operation": "documents/Logistics_101_tTe90hY_rwCKKSK_E8VqH3S.pdf"}}, {"model": "companies.cargoownercompany", "pk": 1, "fields": {"created_at": "2020-01-22T14:32:31.316Z", "updated_at": "2020-01-22T14:32:31.316Z", "is_deleted": false, "business_name": "Delmonte Company", "business_type": "Corporate", "account_number": "54878562120", "prefered_currency": "KES", "logo": "documents/id1_tT1fXoo.jpg", "business_phone_no": "+254712368523", "business_email": "delmonte@products.com", "postal_code": "6000-00100", "location": "Nairobi", "company_director": 1, "operational_regions": "transit", "is_active": true, "certificate_of_incorporation": "documents/Logistics_101_1JKNPaO_fpGaw2z.pdf", "directors_id": "documents/Logistics_101_1JKNPaO_rRLLduN.pdf", "potential_monthly_tonnage": "50000", "operational_hours": "Mon-Fri: 8-5, Mon-Sun 8-5"}}, {"model": "companies.cargoownercompany", "pk": 2, "fields": {"created_at": "2020-01-24T15:06:51.517Z", "updated_at": "2020-01-24T15:06:51.517Z", "is_deleted": false, "business_name": "Cocacola Limited", "business_type": "Corporate", "account_number": "56879", "prefered_currency": "KES", "logo": "documents/id1_eBL3wSj.jpg", "business_phone_no": "+254712365723", "business_email": "cococala@business.com", "postal_code": "2000-00200", "location": "Upper Hill", "company_director": 2, "operational_regions": "both", "is_active": true, "certificate_of_incorporation": "documents/Logistics_101_0QiuCNK_2rvDxWi.pdf", "directors_id": "documents/Logistics_101_0QiuCNK_CQ2AK1x_WDMMTKZ_vMagPoJ.pdf", "potential_monthly_tonnage": "50000", "operational_hours": "Mon-Fri: 8-5, Mon-Sun 8-5"}}, {"model": "admin.logentry", "pk": 1, "fields": {"action_time": "2020-01-22T14:32:31.337Z", "user": 1, "content_type": 8, "object_id": "1", "object_repr": "Delmonte Company", "action_flag": 1, "change_message": "[{\"added\": {}}]"}}, {"model": "admin.logentry", "pk": 2, "fields": {"action_time": "2020-01-23T13:49:39.735Z", "user": 1, "content_type": 10, "object_id": "2", "object_repr": "tergat@example.com", "action_flag": 2, "change_message": "[{\"changed\": {\"fields\": [\"is_verified\"]}}]"}}, {"model": "admin.logentry", "pk": 3, "fields": {"action_time": "2020-01-23T14:41:12.959Z", "user": 1, "content_type": 6, "object_id": "1", "object_repr": "DHL", "action_flag": 1, "change_message": "[{\"added\": {}}]"}}, {"model": "admin.logentry", "pk": 4, "fields": {"action_time": "2020-01-24T15:06:51.574Z", "user": 1, "content_type": 8, "object_id": "2", "object_repr": "Cocacola Limited", "action_flag": 1, "change_message": "[{\"added\": {}}]"}}, {"model": "admin.logentry", "pk": 5, "fields": {"action_time": "2020-01-24T20:05:30.079Z", "user": 1, "content_type": 10, "object_id": "3", "object_repr": "mutuku@example.com", "action_flag": 2, "change_message": "[{\"changed\": {\"fields\": [\"is_verified\"]}}]"}}, {"model": "admin.logentry", "pk": 6, "fields": {"action_time": "2020-01-24T20:11:23.647Z", "user": 1, "content_type": 10, "object_id": "4", "object_repr": "malaki@example.com", "action_flag": 2, "change_message": "[{\"changed\": {\"fields\": [\"is_verified\"]}}]"}}, {"model": "admin.logentry", "pk": 7, "fields": {"action_time": "2020-01-25T12:57:12.976Z", "user": 1, "content_type": 10, "object_id": "5", "object_repr": "edewa@dhl.com", "action_flag": 1, "change_message": "[{\"added\": {}}]"}}, {"model": "admin.logentry", "pk": 8, "fields": {"action_time": "2020-01-25T18:06:15.834Z", "user": 1, "content_type": 6, "object_id": "1", "object_repr": "DHL", "action_flag": 2, "change_message": "[{\"changed\": {\"fields\": [\"company_director\"]}}]"}}, {"model": "admin.logentry", "pk": 9, "fields": {"action_time": "2020-01-25T18:27:29.019Z", "user": 1, "content_type": 6, "object_id": "2", "object_repr": "Cube Movers", "action_flag": 1, "change_message": "[{\"added\": {}}]"}}, {"model": "admin.logentry", "pk": 10, "fields": {"action_time": "2020-01-27T08:08:23.119Z", "user": 1, "content_type": 21, "object_id": "1", "object_repr": "KCT 435T", "action_flag": 1, "change_message": "[{\"added\": {}}]"}}, {"model": "admin.logentry", "pk": 11, "fields": {"action_time": "2020-01-27T08:09:09.441Z", "user": 1, "content_type": 20, "object_id": "1", "object_repr": "KCB 705T", "action_flag": 1, "change_message": "[{\"added\": {}}]"}}, {"model": "admin.logentry", "pk": 12, "fields": {"action_time": "2020-01-27T08:11:30.415Z", "user": 1, "content_type": 17, "object_id": "1", "object_repr": "FMCG", "action_flag": 1, "change_message": "[{\"added\": {}}]"}}, {"model": "admin.logentry", "pk": 13, "fields": {"action_time": "2020-01-27T08:12:13.406Z", "user": 1, "content_type": 17, "object_id": "2", "object_repr": "Container", "action_flag": 1, "change_message": "[{\"added\": {}}]"}}, {"model": "admin.logentry", "pk": 14, "fields": {"action_time": "2020-01-27T08:13:26.322Z", "user": 1, "content_type": 17, "object_id": "3", "object_repr": "Bagged and Bulk", "action_flag": 1, "change_message": "[{\"added\": {}}]"}}, {"model": "admin.logentry", "pk": 15, "fields": {"action_time": "2020-01-27T08:14:39.777Z", "user": 1, "content_type": 18, "object_id": "1", "object_repr": "Vegetables and Fruits", "action_flag": 1, "change_message": "[{\"added\": {}}]"}}, {"model": "admin.logentry", "pk": 16, "fields": {"action_time": "2020-01-27T09:33:54.071Z", "user": 1, "content_type": 11, "object_id": "1", "object_repr": "{'lattitude': '30', 'longitude': '40'} in Nairobi.", "action_flag": 2, "change_message": "[{\"changed\": {\"fields\": [\"is_public\"]}}]"}}, {"model": "admin.logentry", "pk": 17, "fields": {"action_time": "2020-01-27T09:40:05.389Z", "user": 1, "content_type": 9, "object_id": "4", "object_repr": "driver", "action_flag": 1, "change_message": "[{\"added\": {}}]"}}, {"model": "admin.logentry", "pk": 18, "fields": {"action_time": "2020-01-27T09:40:31.247Z", "user": 1, "content_type": 10, "object_id": "6", "object_repr": "johndeere@cubemovers.com", "action_flag": 1, "change_message": "[{\"added\": {}}]"}}, {"model": "admin.logentry", "pk": 19, "fields": {"action_time": "2020-01-28T09:13:53.306Z", "user": 1, "content_type": 22, "object_id": "1", "object_repr": "John Deere", "action_flag": 1, "change_message": "[{\"added\": {}}]"}}]